k_f_norm,k_r_norm,aero_norm,pred_grip,pred_stability
0.4321654269778771,0.7255462594170399,0.9997162701955123,1.6919551842863525,0.10423787250911509
0.41902493959601594,0.7648087119892583,0.9994707193468475,1.6918166806274328,0.12170687387747092
0.3883273375787565,0.6596569297551848,0.9997550096663181,1.6917139374433954,0.10061852396598736
0.4765955867674234,0.7569784908631294,0.9980747524163529,1.6915221450949416,0.09890527522341763
0.5276383207965311,0.7035996801712364,0.9990359018326356,1.6915132151955612,0.06753736209500971
